{
  "referenceCulture": {
  "name": "SalesAnalysis_LabUser_b98847b1-bcb0-4a98-a0f7-ba2c1b4bfc60",
  "id": "SalesAnalysis_LabUser_b98847b1-bcb0-4a98-a0f7-ba2c1b4bfc60",
  "model": {
    "tables": [
      {
        "name": "Product",
        "columns": [
          {
            "name": "ProductKey"
          },
          {
            "name": "Product"
          },
          {
            "name": "Subcategory"
          },
          {
            "name": "Category"
          },
          {
            "name": "Color",
            "displayFolder": "Stocking"
          },
          {
            "name": "Size",
            "displayFolder": "Stocking"
          },
          {
            "name": "Weight",
            "displayFolder": "Stocking"
          },
          {
            "name": "Class",
            "displayFolder": "Stocking"
          },
          {
            "name": "Style",
            "displayFolder": "Stocking"
          }
        ],
        "hierarchies": [
          {
            "name": "Products",
            "levels": [
              {
                "name": "Category"
              },
              {
                "name": "Subcategory"
              },
              {
                "name": "Product"
              }
            ]
          }
        ]
      },
      {
        "name": "Sales Region",
        "columns": [
          {
            "name": "SalesTerritoryKey"
          },
          {
            "name": "Sales Region"
          }
        ],
        "measures": [
          {
            "name": "Sales Region Count"
          }
        ]
      },
      {
        "name": "Reseller Sales",
        "columns": [
          {
            "name": "ProductKey"
          },
          {
            "name": "SalesTerritoryKey"
          },
          {
            "name": "Price"
          },
          {
            "name": "SalesAmount"
          },
          {
            "name": "OrderDate"
          }
        ],
        "measures": [
          {
            "name": "Sales",
            "displayFolder": "Sales"
          },
          {
            "name": "Average Price",
            "displayFolder": "Sales\\Pricing"
          },
          {
            "name": "Median Price",
            "displayFolder": "Sales\\Pricing"
          },
          {
            "name": "Sales YoY%",
            "displayFolder": "Sales"
          }
        ]
      },
      {
        "name": "Date",
        "columns": [
          {
            "name": "Date"
          },
          {
            "name": "Year"
          },
          {
            "name": "Month"
          },
          {
            "name": "MonthKey"
          }
        ],
        "hierarchies": [
          {
            "name": "Fiscal",
            "levels": [
              {
                "name": "Year"
              },
              {
                "name": "Month"
              }
            ]
          }
        ]
      },
      {
        "name": "Sales Manager",
        "columns": [
          {
            "name": "Sales Region"
          },
          {
            "name": "Sales Manager"
          }
        ]
      }
    ]
  }
},
  "cultures": [
    {
  "name": "fr-FR",
  "translations": {
    "model": {
      "name": "Model",
      "translatedCaption": "",
      "translatedDescription": "",
      "tables": [
        {
          "name": "Product",
          "translatedCaption": "",
          "translatedDescription": "",
          "columns": [
            {
              "name": "ProductKey",
              "translatedCaption": "",
              "translatedDescription": ""
            },
            {
              "name": "Product",
              "translatedCaption": "",
              "translatedDescription": ""
            },
            {
              "name": "Subcategory",
              "translatedCaption": "",
              "translatedDescription": ""
            },
            {
              "name": "Category",
              "translatedCaption": "",
              "translatedDescription": ""
            },
            {
              "name": "Color",
              "translatedCaption": "",
              "translatedDescription": "",
              "translatedDisplayFolder": ""
            },
            {
              "name": "Size",
              "translatedCaption": "",
              "translatedDescription": "",
              "translatedDisplayFolder": ""
            },
            {
              "name": "Weight",
              "translatedCaption": "",
              "translatedDescription": "",
              "translatedDisplayFolder": ""
            },
            {
              "name": "Class",
              "translatedCaption": "",
              "translatedDescription": "",
              "translatedDisplayFolder": ""
            },
            {
              "name": "Style",
              "translatedCaption": "",
              "translatedDescription": "",
              "translatedDisplayFolder": ""
            }
          ],
          "hierarchies": [
            {
              "name": "Products",
              "translatedCaption": "",
              "translatedDescription": "",
              "levels": [
                {
                  "name": "Category",
                  "translatedCaption": "",
                  "translatedDescription": ""
                },
                {
                  "name": "Subcategory",
                  "translatedCaption": "",
                  "translatedDescription": ""
                },
                {
                  "name": "Product",
                  "translatedCaption": "",
                  "translatedDescription": ""
                }
              ]
            }
          ]
        },
        {
          "name": "Sales Region",
          "translatedCaption": "",
          "translatedDescription": "",
          "columns": [
            {
              "name": "SalesTerritoryKey",
              "translatedCaption": "",
              "translatedDescription": ""
            },
            {
              "name": "Sales Region",
              "translatedCaption": "",
              "translatedDescription": ""
            }
          ],
          "measures": [
            {
              "name": "Sales Region Count",
              "translatedCaption": "",
              "translatedDescription": ""
            }
          ]
        },
        {
          "name": "Reseller Sales",
          "translatedCaption": "",
          "translatedDescription": "",
          "columns": [
            {
              "name": "ProductKey",
              "translatedCaption": "",
              "translatedDescription": ""
            },
            {
              "name": "SalesTerritoryKey",
              "translatedCaption": "",
              "translatedDescription": ""
            },
            {
              "name": "Price",
              "translatedCaption": "",
              "translatedDescription": ""
            },
            {
              "name": "SalesAmount",
              "translatedCaption": "",
              "translatedDescription": ""
            },
            {
              "name": "OrderDate",
              "translatedCaption": "",
              "translatedDescription": ""
            }
          ],
          "measures": [
            {
              "name": "Sales",
              "translatedCaption": "",
              "translatedDescription": "",
              "translatedDisplayFolder": ""
            },
            {
              "name": "Average Price",
              "translatedCaption": "",
              "translatedDescription": "",
              "translatedDisplayFolder": ""
            },
            {
              "name": "Median Price",
              "translatedCaption": "",
              "translatedDescription": "",
              "translatedDisplayFolder": ""
            },
            {
              "name": "Sales YoY%",
              "translatedCaption": "",
              "translatedDescription": "",
              "translatedDisplayFolder": ""
            }
          ]
        },
        {
          "name": "Date",
          "translatedCaption": "",
          "translatedDescription": "",
          "columns": [
            {
              "name": "Date",
              "translatedCaption": "",
              "translatedDescription": ""
            },
            {
              "name": "Year",
              "translatedCaption": "",
              "translatedDescription": ""
            },
            {
              "name": "Month",
              "translatedCaption": "",
              "translatedDescription": ""
            },
            {
              "name": "MonthKey",
              "translatedCaption": "",
              "translatedDescription": ""
            }
          ],
          "hierarchies": [
            {
              "name": "Fiscal",
              "translatedCaption": "",
              "translatedDescription": "",
              "levels": [
                {
                  "name": "Year",
                  "translatedCaption": "",
                  "translatedDescription": ""
                },
                {
                  "name": "Month",
                  "translatedCaption": "",
                  "translatedDescription": ""
                }
              ]
            }
          ]
        },
        {
          "name": "Sales Manager",
          "translatedCaption": "",
          "translatedDescription": "",
          "columns": [
            {
              "name": "Sales Region",
              "translatedCaption": "",
              "translatedDescription": ""
            },
            {
              "name": "Sales Manager",
              "translatedCaption": "",
              "translatedDescription": ""
            }
          ]
        }
      ]
    }
  }
}
  ]
}